{"cameraMode":{"drawMode":0,"name":"Shaded","section":"Shading Mode"},"sceneLighting":true,"audioPlay":false,"sceneViewState":{"showFog":true,"showMaterialUpdate":false,"showSkybox":true,"showFlares":true,"showImageEffects":true,"showParticleSystems":true},"in2DMode":false,"pivot":{"x":-482.3731994628906,"y":167.703369140625,"z":4.121408939361572},"rotation":{"x":0.12117458134889603,"y":-0.021441098302602769,"z":0.0026158164255321028,"w":0.9924064874649048},"size":123.0107192993164,"orthographic":true}