{"cameraMode":{"drawMode":0,"name":"Shaded","section":"Shading Mode"},"sceneLighting":true,"audioPlay":false,"sceneViewState":{"showFog":true,"showMaterialUpdate":false,"showSkybox":true,"showFlares":true,"showImageEffects":true,"showParticleSystems":true},"in2DMode":false,"pivot":{"x":-3.309171199798584,"y":0.594822883605957,"z":-13.232955932617188},"rotation":{"x":0.27856025099754336,"y":0.30645453929901125,"z":-0.09429419040679932,"w":0.9053173065185547},"size":1.1708228588104249,"orthographic":true}