{"cameraMode":{"drawMode":0,"name":"Shaded","section":"Shading Mode"},"sceneLighting":true,"audioPlay":false,"sceneViewState":{"showFog":true,"showMaterialUpdate":false,"showSkybox":true,"showFlares":true,"showImageEffects":true,"showParticleSystems":true},"in2DMode":false,"pivot":{"x":-2.5948333740234377,"y":0.14680492877960206,"z":-15.040016174316407},"rotation":{"x":0.1356775015592575,"y":0.8312276601791382,"z":-0.2316693812608719,"w":0.4868084490299225},"size":1.3951871395111085,"orthographic":true}