{"cameraMode":{"drawMode":0,"name":"Shaded","section":"Shading Mode"},"sceneLighting":true,"audioPlay":false,"sceneViewState":{"showFog":true,"showMaterialUpdate":false,"showSkybox":true,"showFlares":true,"showImageEffects":true,"showParticleSystems":true},"in2DMode":false,"pivot":{"x":-1.76123046875,"y":-0.14422607421875,"z":-13.28472900390625},"rotation":{"x":0.30851614475250246,"y":0.26353180408477785,"z":-0.08938335627317429,"w":0.9096058011054993},"size":0.8866074085235596,"orthographic":true}