{"cameraMode":{"drawMode":0,"name":"Shaded","section":"Shading Mode"},"sceneLighting":true,"audioPlay":false,"sceneViewState":{"showFog":true,"showMaterialUpdate":false,"showSkybox":true,"showFlares":true,"showImageEffects":true,"showParticleSystems":true},"in2DMode":false,"pivot":{"x":0.0,"y":-0.18156281113624574,"z":0.0000629425048828125},"rotation":{"x":0.4809846878051758,"y":0.01840873621404171,"z":-0.010102159343659878,"w":0.8764777183532715},"size":133.5145263671875,"orthographic":true}