{"cameraMode":{"drawMode":0,"name":"Shaded","section":"Shading Mode"},"sceneLighting":true,"audioPlay":false,"sceneViewState":{"showFog":true,"showMaterialUpdate":false,"showSkybox":true,"showFlares":true,"showImageEffects":true,"showParticleSystems":true},"in2DMode":false,"pivot":{"x":-2.8599014282226564,"y":0.6240234375,"z":-14.5810546875},"rotation":{"x":0.1941392719745636,"y":0.1668277382850647,"z":-0.033524040132761,"w":0.9661023020744324},"size":14.75217056274414,"orthographic":true}