{"cameraMode":{"drawMode":0,"name":"Shaded","section":"Shading Mode"},"sceneLighting":true,"audioPlay":false,"sceneViewState":{"showFog":true,"showMaterialUpdate":false,"showSkybox":true,"showFlares":true,"showImageEffects":true,"showParticleSystems":true},"in2DMode":false,"pivot":{"x":-1.67926025390625,"y":0.103851318359375,"z":-13.956787109375},"rotation":{"x":0.3248923718929291,"y":-0.0014189439825713635,"z":0.00048732126015238464,"w":0.9457495212554932},"size":6.312859535217285,"orthographic":true}