{"cameraMode":{"drawMode":0,"name":"Shaded","section":"Shading Mode"},"sceneLighting":true,"audioPlay":false,"sceneViewState":{"showFog":true,"showMaterialUpdate":false,"showSkybox":true,"showFlares":true,"showImageEffects":true,"showParticleSystems":true},"in2DMode":false,"pivot":{"x":1.3438735008239747,"y":0.4183952212333679,"z":-13.657999992370606},"rotation":{"x":0.2069980651140213,"y":0.11562567204236984,"z":-0.024644741788506509,"w":0.9711723923683167},"size":0.8417645692825317,"orthographic":true}