{"cameraMode":{"drawMode":0,"name":"Shaded","section":"Shading Mode"},"sceneLighting":true,"audioPlay":false,"sceneViewState":{"showFog":true,"showMaterialUpdate":false,"showSkybox":true,"showFlares":true,"showImageEffects":true,"showParticleSystems":true},"in2DMode":false,"pivot":{"x":-2.5799999237060549,"y":0.4594820737838745,"z":-13.379999160766602},"rotation":{"x":0.276821106672287,"y":0.010089379735291005,"z":-0.0029065818525850775,"w":0.9608651995658875},"size":0.9317271709442139,"orthographic":true}