{"cameraMode":{"drawMode":0,"name":"Shaded","section":"Shading Mode"},"sceneLighting":true,"audioPlay":false,"sceneViewState":{"showFog":true,"showMaterialUpdate":false,"showSkybox":true,"showFlares":true,"showImageEffects":true,"showParticleSystems":true},"in2DMode":false,"pivot":{"x":-2.5948333740234377,"y":0.14680492877960206,"z":-15.040016174316407},"rotation":{"x":0.2425319403409958,"y":0.6113019585609436,"z":-0.2044869214296341,"w":0.7250341773033142},"size":8.993026733398438,"orthographic":true}