{"cameraMode":{"drawMode":0,"name":"Shaded","section":"Shading Mode"},"sceneLighting":true,"audioPlay":false,"sceneViewState":{"showFog":true,"showMaterialUpdate":false,"showSkybox":true,"showFlares":true,"showImageEffects":true,"showParticleSystems":true},"in2DMode":false,"pivot":{"x":-3.6728415489196779,"y":0.649560809135437,"z":-12.981549263000489},"rotation":{"x":0.1745983362197876,"y":-0.0050232987850904469,"z":0.000890771800186485,"w":0.9846264719963074},"size":0.802108645439148,"orthographic":true}