{"cameraMode":{"drawMode":0,"name":"Shaded","section":"Shading Mode"},"sceneLighting":true,"audioPlay":false,"sceneViewState":{"showFog":true,"showMaterialUpdate":false,"showSkybox":true,"showFlares":true,"showImageEffects":true,"showParticleSystems":true},"in2DMode":false,"pivot":{"x":-2.5948333740234377,"y":0.14680492877960206,"z":-15.040016174316407},"rotation":{"x":0.15122690796852113,"y":0.002960809739306569,"z":-0.0004527263226918876,"w":0.9884951114654541},"size":1.7491767406463624,"orthographic":true}