{"cameraMode":{"drawMode":0,"name":"Shaded","section":"Shading Mode"},"sceneLighting":true,"audioPlay":false,"sceneViewState":{"showFog":true,"showMaterialUpdate":false,"showSkybox":true,"showFlares":true,"showImageEffects":true,"showParticleSystems":true},"in2DMode":false,"pivot":{"x":7.190637588500977,"y":-6.502942085266113,"z":-10.46895980834961},"rotation":{"x":0.34221482276916506,"y":-0.3557147681713104,"z":0.14187027513980866,"w":0.8580396175384522},"size":54.25286102294922,"orthographic":true}